bet_number,bankroll
0,10000.0
1,9771.88
2,9283.289999999999
3,9056.029999999999
4,8603.23
5,8380.89
6,9091.114896798153
7,10625.373421832517
8,11376.011022465414
9,10807.211022465415
10,10266.851022465415
11,10610.391376474203
12,10079.871376474202
13,9575.881376474203
14,9177.701376474202
15,8718.811376474203
16,8282.871376474202
17,7868.731376474202
18,7545.771376474202
19,7168.481376474202
20,7496.290977910109
21,7205.550977910109
22,6845.27097791011
23,7832.876352413077
24,8456.482179634022
25,8033.662179634022
26,7841.732179634022
27,7449.642179634022
28,8374.712039172728
29,7955.972039172728
30,7738.862039172728
31,9608.426577787226
32,10493.946116518848
33,11182.653915549929
34,10623.52391554993
35,10092.343915549929
36,10528.200629010189
37,10041.55062901019
38,10565.758727038283
39,10879.189435512708
40,10335.229435512709
41,13912.030408379249
42,14397.732872422894
43,14769.066212324571
44,14484.816212324571
45,14171.55621232457
46,13462.976212324571
47,13816.505138909137
48,13125.675138909137
49,13787.775859479021
50,17302.502961532366
51,21872.85209569056
52,20779.21209569056
53,21773.958867521404
54,21252.668867521403
55,21772.769407260756
56,25470.342761972344
57,28107.151128480127
58,26741.011128480128
59,28711.16507701444
60,27275.60507701444
61,28609.802283711942
62,27179.31228371194
63,25820.34228371194
64,24894.81228371194
65,23650.07228371194
66,22712.62228371194
67,26221.50679200005
68,25412.93679200005
69,24291.14679200005
70,23076.58679200005
71,25845.719302174493
72,24553.429302174492
73,27687.315302094983
74,29366.45294190357
75,28071.942941903573
76,35698.035027854334
77,40488.73029389789
78,49636.719300184785
79,48127.69930018479
80,45721.31930018479
81,43498.29930018479
82,42170.17930018479
83,55160.30584307318
84,52402.28584307319
85,50566.68584307319
86,48119.96584307319
87,47266.54584307319
88,45783.39584307319
89,44507.00584307319
90,42680.22584307319
91,41335.51584307319
92,39601.88584307319
93,37621.795843073196
94,35740.7058430732
95,39778.93927659528
96,44443.480940190646
97,43214.46094019065
98,41053.74094019065
99,39071.47094019065
100,37771.37094019065
101,36580.75094019065
102,35518.88094019065
103,33742.940940190645
104,38915.34475133102
105,36969.57475133102
106,35422.45475133102
107,33842.904751331014
108,32285.094751331013
109,35145.86390934879
110,33421.993909348785
111,32592.493909348785
112,34815.18040050948
113,35564.503356038986
114,33954.99335603898
115,32394.723356038983
116,37323.52228665663
117,41321.90867855762
118,43017.65044232853
119,41845.11044232853
120,47808.38074822319
121,62021.70037684302
122,58920.61037684302
123,55974.58037684302
124,53916.08037684302
125,51246.61037684302
126,48684.28037684302
127,51234.592633080065
128,48672.86263308006
129,46239.22263308006
130,51172.00204985984
131,48613.40204985984
132,62408.703087792055
133,59288.26308779205
134,57855.00308779205
135,55665.163087792054
136,59840.39600437109
137,56866.10600437109
138,55061.92600437109
139,52965.55600437109
140,50357.376004371086
141,55446.075336354
142,53194.595336353996
143,51330.425336354
144,50322.975336354
145,52055.90051800716
146,50197.160518007164
147,55967.232992896206
148,53168.872992896206
149,70061.70777778167
150,75114.71369022194
151,71358.97369022193
152,68562.97369022193
153,71750.47810862053
154,69945.48810862053
155,66846.14810862053
156,63503.83810862053
157,71492.7736412856
158,67918.1336412856
159,70566.42530802258
160,68625.98530802257
161,65699.56530802257
162,63970.36530802258
163,68313.37201489025
164,64897.70201489025
165,67503.45124787166
166,71351.40499573258
167,68479.82499573258
168,65055.83499573258
169,63093.394995732575
170,60701.574995732575
171,57666.49499573257
172,59732.546879972026
173,66996.77791034106
174,76633.22938107348
175,84914.98867098913
176,92454.08442304215
177,88979.40442304216
178,100820.63095421669
179,95779.60095421669
180,104565.9630084803
181,100033.4430084803
182,102427.57346337495
183,98389.30346337495
184,115925.94921000283
185,112928.96921000283
186,109424.60921000283
187,103995.34921000284
188,107842.21367865318
189,102450.10367865318
190,98341.76367865318
191,96460.34367865318
192,112071.1752882741
193,144017.86227694576
194,139323.44227694575
195,132357.27227694573
196,126368.86227694573
197,121344.54227694572
198,115277.31227694573
199,109513.44227694573
200,112861.4183790662
201,107218.34837906621
202,105735.97837906622
203,119912.81671283963
204,145362.12930322532
205,140658.7193032253
206,221197.58363823374
207,212865.89363823374
208,229051.4961975702
209,217598.9261975702
210,222260.97866819415
211,212489.54866819415
212,252148.3337633403
213,242738.9137633403
214,232467.4837633403
215,220844.1137633403
216,227054.98672234864
217,243894.5684828234
218,231699.8384828234
219,225723.7184828234
220,294139.2597979205
221,282982.06979792047
222,292774.26998882275
223,278135.55998882273
224,266100.7399888227
225,259318.8199888227
226,246352.8799888227
227,240021.29998882272
228,235429.21998882273
229,269539.6500139645
230,263225.3100139645
231,254565.4400139645
232,241837.1700139645
233,229745.31001396448
234,245534.26553077615
235,237986.23553077615
236,226086.92553077615
237,273511.2761932452
238,259835.7161932452
239,251700.3961932452
240,239115.3761932452
241,250941.56281239432
242,238394.48281239433
243,231968.88281239432
244,265800.6642353113
245,259989.96423531132
246,278656.101810311
247,264723.291810311
248,251487.13181031102
249,238912.771810311
250,261379.03297035495
251,278611.5847207029
252,267427.4447207029
253,254056.0747207029
254,244595.2347207029
255,261323.647338803
256,282266.83550781815
257,300543.2939437054
258,285516.1339437054
259,275565.3839437054
260,288266.5149361254
261,278041.0849361254
262,265960.4549361254
263,274275.81267476454
264,267216.2226747645
265,258549.26267476453
266,248771.78267476452
267,238675.9326747645
268,248216.581724988
269,274671.99790573906
270,269849.4579057391
271,262663.56790573907
272,288095.8393137709
273,273691.0493137709
274,268465.0893137709
275,303619.299862689
276,298644.499862689
277,283712.279862689
278,269526.66986268904
279,256050.33986268906
280,266631.7667537428
281,280828.7005442288
282,317786.7407706926
283,344569.90339439525
284,357182.1965296914
285,346125.8665296914
286,376035.2366342525
287,569836.9051818219
288,541345.0551818219
289,514277.8051818219
290,488563.9151818219
291,592328.8303782056
292,627786.9208316978
293,609081.5608316978
294,579749.1208316978
295,615151.4440199016
296,656656.7687526937
297,692432.2997011774
298,726237.6654360377
299,748259.4934579586
300,710846.5234579586
301,677469.3834579586
302,666658.0034579586
303,639706.8934579586
304,627323.7034579586
305,595957.5134579587
306,585407.4934579587
307,626852.7409211001
308,609419.7709211002
309,774918.1484757635
310,748707.9484757636
311,714070.0284757635
312,678366.5284757635
313,662755.6784757635
314,634844.5584757635
315,676243.4515647002
316,649846.2815647002
317,621554.4415647002
318,593202.3415647002
319,619038.8520744524
320,588086.9120744525
321,567674.2820744525
322,578057.0446670912
323,619184.890158385
324,597322.650158385
325,567456.520158385
326,608777.0428801127
327,634315.6125536745
328,602599.8325536745
329,572469.8425536745
330,543846.3525536745
331,516654.0325536745
332,592519.652207772
333,614024.6807559555
334,664987.1777387399
335,647515.0177387398
336,753740.8720634048
337,716053.8320634047
338,875181.9127569003
339,863496.7027569003
340,905038.4394406211
341,963588.2441810102
342,1011596.9189133862
343,1243887.329017064
344,1181692.959017064
345,1132823.209017064
346,1104377.5990170639
347,1072598.0590170638
348,1134869.673711285
349,1078126.193711285
350,1109763.8810517134
351,1065994.1910517134
352,1024295.9110517134
353,1141311.8565214765
354,1240182.3419868813
355,1330741.891143596
356,1264204.801143596
357,1204382.841143596
358,1323744.771360062
359,1257557.531360062
360,1194679.6513600622
361,1163478.6813600622
362,1108008.3013600623
363,1057969.0613600623
364,1005070.6113600624
365,1118435.6681019887
366,1062513.8881019887
367,1024748.3981019887
368,1002494.1181019887
369,952369.4081019887
370,986104.8546029986
371,1065900.3199322247
372,1177358.587027082
373,1278837.5341057428
374,1214895.654105743
375,1367457.84318168
376,1299084.95318168
377,1237415.2831816801
378,1291922.4155390786
379,1649252.4197864595
380,1566789.7997864597
381,1488450.3097864597
382,1414027.7897864596
383,1343326.3997864597
384,1397741.9725107995
385,1327854.8725107994
386,1532339.4835226664
387,1455722.5135226664
388,1393418.4635226664
389,1323747.5435226664
390,1257964.6735226666
391,1327206.0142380863
392,1264226.6242380864
393,1227162.9042380864
394,1165804.7542380865
395,1381170.3667142268
396,1434252.6179578067
397,1371977.2579578066
398,1309342.1079578067
399,1262187.4179578067
400,1414260.014004956
401,1758679.5227866436
402,1702967.0127866436
403,1617818.6627866435
404,1536927.7327866436
405,1740836.0570879325
406,1653794.2570879324
407,1571104.5470879325
408,1492549.3170879325
409,1417921.8470879325
410,1347025.7570879324
411,1279674.4670879324
412,1251381.7970879325
413,1359690.4792898416
414,1291705.9592898416
415,1406043.1295090315
416,1335740.9695090316
417,1290658.0295090317
418,1385449.1003272708
419,1334474.8503272708
420,1477558.840349751
421,1529293.7002723266
422,1599154.1972519702
423,1519196.4872519702
424,1443236.6672519702
425,1384565.1472519701
426,1526660.191757612
427,1579718.5940293202
428,1500732.6640293202
429,1855094.9182117404
430,2027038.632224813
431,1925686.7022248132
432,1830312.7622248132
433,1748443.8922248133
434,1679227.3422248133
435,1921522.1952106361
436,1825446.085210636
437,1912052.1283810649
438,2261655.6062998385
439,2357217.2202648683
440,2239356.3602648685
441,2127388.5402648686
442,2489299.441710434
443,2397981.5117104338
444,2344276.341710434
445,2620697.424390999
446,2489662.554390999
447,2365179.424390999
448,2533983.506526063
449,2836514.3061002223
450,2733100.4861002224
451,2596445.4661002224
452,2501022.8761002226
453,2815706.8490197416
454,2674921.509019742
455,2758663.234528828
456,2905584.108990275
457,3115015.782884514
458,3299545.787293246
459,3134568.497293246
460,3600915.6620399114
461,3444784.942039911
462,3272545.692039911
463,3108918.4120399114
464,2953472.4920399114
465,3177644.5245288066
466,3018762.2945288066
467,2936640.8745288067
468,2791961.0245288066
469,3060621.14274419
470,2907590.08274419
471,2770911.88274419
472,2715882.4927441897
473,2580088.3727441896
474,2885587.5247595846
475,2741308.1447595847
476,2604242.7347595845
477,2759287.054556269
478,2652522.514556269
479,2520297.624556269
480,2755346.8986281888
481,2856800.76352305
482,2728521.07352305
483,2618175.10352305
484,2501717.54352305
485,3215959.5656367852
486,3091821.485636785
487,2937230.4156367853
488,2790368.8956367853
489,2724840.675636785
490,2588598.6456367853
491,2531394.2056367854
492,2627841.562343279
493,2544829.742343279
494,2613089.572714343
495,2891539.6052511204
496,3186443.5160697512
497,3633945.103618577
498,4044537.806346063
499,3933228.696346063
500,3812187.0263460632
501,3680847.7763460632
502,3496805.386346063
503,4127498.236010721
504,4305245.07844574
505,4116416.51844574
506,3960023.17844574
507,3762022.01844574
508,3875517.87247068
509,4488797.2982516475
510,4294449.578251648
511,4755078.973578266
512,6200675.844954802
513,5890642.054954802
514,6134071.607845389
515,5827368.027845389
516,5535999.627845389
517,5432388.997845389
518,5947464.6115220655
519,5650091.381522065
520,7367058.579172289
521,8286821.28736278
522,7872480.227362781
523,7478856.217362781
524,7247897.887362781
525,7605954.71487078
526,8028320.551603778
527,7626904.521603778
528,8132394.581975104
529,7859253.651975105
530,7507688.0719751045
531,7146211.0719751045
532,6849510.951975104
533,6554940.181975104
534,6314998.591975104
535,5999248.661975104
536,5699286.231975105
537,5414321.921975105
538,5246465.3619751055
539,5022904.161975105
540,6301403.69104218
541,7828842.798899351
542,7512255.738899351
543,7136642.948899351
544,8113702.908150278
545,7708017.758150278
546,7322616.868150278
547,7698047.3429857595
548,7605294.222985759
549,7263572.072985759
550,7937911.035823269
551,7729882.265823269
552,7343388.155823269
553,6976218.745823269
554,6641945.495823269
555,7549962.1200755015
556,7172464.010075501
557,8004194.193632946
558,7603984.483632946
559,10725097.51072888
560,10264342.84072888
561,9751125.70072888
562,9341300.07072888
563,18635893.57072888
564,19884408.23001757
565,20848835.040233415
566,22230028.306082554
567,21118526.886082552
568,21998251.842465386
569,20963021.422465384
570,22940056.56712736
571,21793053.737127356
572,20703401.047127355
573,19856230.327127356
574,18863418.807127357
575,18058495.267127357
576,17155570.507127356
577,16480016.967127357
578,15942421.017127357
579,15145299.967127357
580,18317518.454101082
581,17401642.53410108
582,17888092.53350915
583,17366613.50350915
584,18038698.397612024
585,17199155.087612025
586,16339197.337612025
587,17309271.99433269
588,17996594.20400423
589,18328450.492207155
590,17444662.292207155
591,16572429.182207156
592,15743807.722207155
593,14956617.332207154
594,14208786.462207155
595,15499043.58023871
596,15092041.83023871
597,19337052.73458817
598,18630014.17458817
599,17698513.46458817
600,18603361.390965495
601,17761714.790965494
602,16873629.050965495
603,16101036.140965495
604,15718709.780965496
605,14932774.290965496
606,14395413.310965495
607,15861464.162847951
608,15068390.95284795
609,16512751.377107339
610,16987877.603487104
611,24834655.49344047
612,23597407.42344047
613,22417537.05344047
614,21602460.36344047
615,20522337.34344047
616,19496220.47344047
617,20962146.14920541
618,20214420.689205408
619,19709452.50920541
620,23660565.226149235
621,22779719.886149235
622,28374141.769950267
623,29790474.26634742
624,28300950.55634742
625,26885903.026347417
626,25715128.96634742
627,24429372.51634742
628,23690429.596347418
629,22880427.916347418
630,23729065.783080503
631,25406676.358634774
632,26262453.77679463
633,24949331.08679463
634,29263360.017794978
635,31718276.052418955
636,30132362.252418954
637,36839624.29765891
638,35886478.317658916
639,34092154.397658914
640,32461558.997658916
641,33525220.528635588
642,35402031.7007776
643,33965003.7907776
644,35547257.16894488
645,33769894.30894488
646,40207264.66309557
647,43501086.47726034
648,41326032.157260336
649,42906621.209768936
650,41534135.04976894
651,39457428.29976894
652,37688049.52976894
653,35803647.04976894
654,34361277.69976894
655,37333742.62284192
656,35467055.492841914
657,38853130.826191455
658,41818191.263985485
659,39727281.70398548
660,38678796.93398548
661,40056714.23445428
662,39438132.544454284
663,37466225.91445428
664,40352702.444901936
665,38335067.32490194
666,37365822.81490194
667,35497531.67490194
668,33807274.66490194
669,32952137.714901943
670,34453120.847497895
671,33035055.317497894
672,31383302.547497895
673,29883702.117497895
674,28417844.407497894
675,27886867.467497893
676,30389019.54400544
677,29982300.97400544
678,29223577.084005438
679,27762398.234005436
680,26891533.684005436
681,29083001.44934816
682,27628851.37934816
683,26247408.80934816
684,25721910.28934816
685,34025225.26819547
686,38686761.72432752
687,37246269.24432752
688,39410682.0601819
689,37440147.9601819
690,36292788.620181896
691,34478149.190181896
692,32754241.730181895
693,31950298.230181895
694,30352783.320181895
695,28835144.150181897
696,32707749.803623628
697,37075146.55539076
698,41015391.07210314
699,39093565.69210314
700,37952657.21210314
701,66221174.7110239
702,62910115.971023895
703,65292483.17728166
704,63189815.56728166
705,60466404.50728166
706,62614781.16068789
707,59484042.10068789
708,57158344.32068789
709,63597716.19047635
710,67459859.57959111
711,64086866.59959111
712,60882523.269591115
713,65755846.88160944
714,62468054.541609436
715,59344651.81160944
716,61867785.95585884
717,73575526.35890087
718,71520112.13890088
719,67944106.52890088
720,72993844.38379836
721,76754328.93428233
722,73055448.78428233
723,69402676.34428233
724,71863303.73479764
725,73624604.2101309
726,71142509.3401309
727,68005165.1001309
728,65632823.0501309
729,62729701.32013091
730,60954207.24013091
731,70684807.39610937
732,67150567.02610937
733,65643543.41610937
734,68033274.02574743
735,70759625.34426454
736,68846808.39426453
737,65404467.97426453
738,62134244.574264534
739,59027532.34426454
740,56113851.22426454
741,54582589.42426454
742,53751895.97426454
743,51064301.17426454
744,49493856.76426455
745,47019163.92426455
746,44668205.72426455
747,46092089.813325115
748,44026977.173325114
749,41825628.313325115
750,39734346.89332511
751,42856166.78225684
752,41913625.56225684
753,40354707.442256846
754,44345343.183583826
755,45904824.79352899
756,44125054.21352899
757,52061234.11348967
758,50107471.72348967
759,57608806.320008226
760,60636197.30632371
761,57822683.16632371
762,55221442.456323706
763,52460370.33632371
764,50693157.096323706
765,48158499.246323705
766,45750574.286323704
767,57643787.084994346
768,54761597.734994344
769,57510419.28382835
770,73664601.84439766
771,70147034.26439767
772,72490945.11754578
773,68866397.85754578
774,66621673.53754578
775,71759221.22135013
776,68171260.16135013
777,65214029.59135013
778,61953328.111350134
779,58855661.70135014
780,55912878.611350134
781,59858299.19415026
782,72776311.60277855
783,69405140.42277855
784,66973046.31277855
785,64322358.142778546
786,74685151.39092699
787,70950893.820927
788,68250893.53092699
789,66307050.360926986
790,71808478.05815195
791,68509053.12815194
792,66723227.14815194
793,67529099.50961357
794,64152644.52961358
795,60945012.29961358
796,59005905.43961358
797,64609008.54109089
798,62776132.28109089
799,59637325.67109089
800,56655459.39109089
801,66793681.243315324
802,68362648.37664905
803,65929687.256649055
804,62633202.896649055
805,60645982.01664905
806,64812664.013914056
807,61572030.81391405
808,58921455.273914054
809,56518773.67391405
810,53692834.99391405
811,51347834.35391405
812,48798729.22391405
813,47617224.72391405
814,50277272.37775256
815,52553922.33128086
816,54166536.66716263
817,51946390.77716263
818,58109310.9151183
819,64251495.42941397
820,86303080.69447653
821,108453066.28699687
822,104192163.96699688
823,99746193.33699688
824,95803519.22699688
825,93550679.19699688
826,97536227.26802282
827,94636379.87802282
828,90725587.24802282
829,137643200.94479093
830,159048755.6342035
831,151096317.8542035
832,161195745.41525084
833,153135958.14525083
834,171137027.09378195
835,162580175.74378195
836,199594064.1853451
837,193066622.1853451
838,203649398.4156008
839,222463708.76157212
840,211340523.32157212
841,205979004.64157212
842,197037926.2115721
843,218473887.92235482
844,207550193.5223548
845,197386365.6523548
846,189228743.2223548
847,180231304.3223548
848,171219739.1023548
849,162658752.1423548
850,154525814.53235477
851,148214750.40235478
852,220747381.48220453
853,209710012.41220453
854,227626880.6291266
855,243591035.04158947
856,236454095.84158948
857,224631391.0515895
858,213399821.50158948
859,261749595.6528062
860,248662115.8728062
861,263962677.14839894
862,270414619.6579442
863,256893888.6779442
864,244049194.2479442
865,234279345.6879442
866,222565378.4079442
867,215577798.0079442
868,204798908.1079442
869,408573821.766944
870,388145130.676944
871,399997111.65299946
872,379997256.0729995
873,431872725.76188904
874,410279089.471889
875,818506783.4248886
876,777581444.2548887
877,768093456.1548886
878,791609386.1851451
879,853533164.03651
880,918096881.9646988
881,872192037.8646988
882,854696294.5046988
883,816403555.5546987
884,1009124074.8131198
885,958667871.0731198
886,982538484.9655704
887,933411560.7155704
888,886740982.6755705
889,842403933.5455705
890,814108324.0455705
891,779322288.9155705
892,882678438.035486
893,1061975361.5321827
894,1119968495.8770068
895,1067688516.3470068
896,1267374976.4640918
897,1204006227.6440918
898,1143805916.2640917
899,1112722047.5840917
900,1091243898.4640918
901,1163745857.606922
902,1381227369.487508
903,1344128658.3975081
904,1643020120.8633766
905,1827399971.657792
906,1949427147.4192307
907,1851955790.0492306
908,1759358000.5492306
909,1671390100.5192306
910,1616929422.7692306
911,2094485411.7363331
912,1989761141.1463332
913,1927053033.266333
914,2039744013.1172652
915,1999177451.0572653
916,1981608232.8772652
917,2516345094.338899
918,2444100930.128899
919,2321895883.618899
920,2205801089.438899
921,2468111643.9629383
922,2898218680.874685
923,2766812579.2646847
924,2628471950.3046846
925,2517019539.4646845
926,2391168562.4946847
927,2292224174.6146846
928,2217934525.7346845
929,2308971775.986244
930,2193523187.186244
931,2363015560.408668
932,2468331865.9567604
933,2638721830.0851254
934,2540639545.2951255
935,2985449208.201425
936,2836176747.791425
937,2982861121.7622595
938,2833718065.6722593
939,2738607769.5122595
940,2670407517.5222597
941,2536887141.6422596
942,2857405329.2996225
943,2731936156.1196227
944,2595339348.309623
945,2465572380.8896227
946,2342293761.8496227
947,2252618697.109623
948,2372604120.5268354
949,2315113099.2568355
950,2506671589.2683177
951,2381338009.8083177
952,2550780312.956104
953,2856422131.7595835
954,2713601025.1695833
955,2577920973.909583
956,2451201748.309583
957,2332850165.299583
958,2216207657.0395827
959,2145174567.9995828
960,2167378697.7091384
961,2059009762.8191383
962,2253422002.435202
963,2302634226.849881
964,2557982020.6580753
965,2636828126.6168485
966,2781605551.0359855
967,2642525273.4859853
968,2510399009.815985
969,2398534727.955985
970,2912938641.0215096
971,2767291708.9715095
972,2660646002.0315094
973,2528237772.9415092
974,2485294444.4415092
975,2361029722.2215095
976,2648113936.8430386
977,2602219292.6730385
978,2751751932.9462366
979,2614164336.2962365
980,2483456119.4862366
981,2359283313.516237
982,2259386445.856237
983,2831725396.670978
984,2740041650.120978
985,2603039567.610978
986,2493526767.7409782
987,2402686166.9909782
988,2354578410.2209783
989,2236849489.710978
990,2182699456.820978
991,2306392523.6608
992,2245683826.2008
993,2197505404.4508
994,2665188390.158825
995,2567682840.198825
996,2443606517.988825
997,3061509536.855859
998,2908434060.0158587
999,3524398135.1247277
1000,3740470161.964372
1001,3823672330.5458846
1002,3632488714.0158844
1003,3581435665.1058846
1004,3518430070.0458846
1005,3342508566.5458846
1006,3193770861.4558845
1007,3762550135.10508
1008,3574422628.3450804
1009,3404499835.6450806
1010,3234274843.8650804
1011,3117410311.8250804
1012,3603738206.4746647
1013,3428656158.1746645
1014,3257223350.2646646
1015,3094362182.7546644
1016,3006971838.5846643
1017,2856623246.6546645
1018,3333142669.232401
1019,3268396073.752401
1020,3109509432.612401
1021,2954033960.982401
1022,2806332262.9324007
1023,4961117515.335945
1024,4773775563.865945
1025,4643068233.075945
1026,4569613771.155945
1027,4775045804.347956
1028,5074950188.738778
1029,4821202679.298779
1030,4635240153.798779
1031,4513244742.098779
1032,4325536331.438779
1033,4142379806.8687787
1034,3935260816.5287786
1035,3738497775.6987786
1036,3587908216.038779
1037,3408512805.2387786
1038,3299057205.8587785
1039,3134104345.5687785
1040,2981613092.0487785
1041,2835657734.0387783
1042,3487306112.67309
1043,3980744709.1579256
1044,4662216490.447087
1045,5095577043.01772
1046,5309076622.631062
1047,5043622791.501061
1048,4791441651.9210615
1049,5174855325.438084
1050,5024512145.508083
1051,5269823631.3681345
1052,5041961459.668135
1053,4867492756.498135
1054,4746131947.848135
1055,5483934503.232241
1056,5221624355.92224
1057,4960543138.12224
1058,4712515981.21224
1059,4476890182.15224
1060,4639975287.516311
1061,4407976523.136311
1062,4628390076.597954
1063,4574042646.507954
1064,4345340514.177954
1065,4711546129.962254
1066,5841117792.451832
1067,5549061902.831832
1068,5271608807.691832
1069,5008028367.311831
1070,5322015593.6729145
1071,5055914813.992914
1072,4826205304.892914
1073,5446997428.080088
1074,5227161758.190087
1075,5136202602.720087
1076,5654230876.116927
